"filename", "language", "LinkerScript", "Makefile", "C", "C++", "Linker Map file", "comment", "blank", "total"
"/mnt/common_disk/vsProjects/uOS_new/Makefile", "Makefile", 0, 34, 0, 0, 0, 0, 11, 45
"/mnt/common_disk/vsProjects/uOS_new/build/kernel.map", "Linker Map file", 0, 0, 0, 0, 746, 0, 27, 773
"/mnt/common_disk/vsProjects/uOS_new/kernel.c", "C", 0, 0, 231, 0, 0, 85, 87, 403
"/mnt/common_disk/vsProjects/uOS_new/link.ld", "LinkerScript", 80, 0, 0, 0, 0, 12, 31, 123
"/mnt/common_disk/vsProjects/uOS_new/u_kernel/arch/arm/u_arm.c", "C", 0, 0, 409, 0, 0, 4, 27, 440
"/mnt/common_disk/vsProjects/uOS_new/u_kernel/arch/arm/u_arm.h", "C++", 0, 0, 0, 8, 0, 8, 7, 23
"/mnt/common_disk/vsProjects/uOS_new/u_kernel/drivers/bcm2711/firmware_mailbox.c", "C", 0, 0, 62, 0, 0, 0, 15, 77
"/mnt/common_disk/vsProjects/uOS_new/u_kernel/drivers/bcm2711/firmware_mailbox.h", "C++", 0, 0, 0, 28, 0, 0, 8, 36
"/mnt/common_disk/vsProjects/uOS_new/u_kernel/drivers/emmc/u_emmc.c", "C", 0, 0, 645, 0, 0, 70, 143, 858
"/mnt/common_disk/vsProjects/uOS_new/u_kernel/drivers/emmc/u_emmc.h", "C", 0, 0, 124, 0, 0, 23, 34, 181
"/mnt/common_disk/vsProjects/uOS_new/u_kernel/drivers/gpio/u_gpio.c", "C", 0, 0, 105, 0, 0, 0, 15, 120
"/mnt/common_disk/vsProjects/uOS_new/u_kernel/drivers/gpio/u_gpio.h", "C", 0, 0, 40, 0, 0, 2, 14, 56
"/mnt/common_disk/vsProjects/uOS_new/u_kernel/drivers/uart/u_uart.c", "C", 0, 0, 153, 0, 0, 5, 27, 185
"/mnt/common_disk/vsProjects/uOS_new/u_kernel/drivers/uart/u_uart.h", "C", 0, 0, 52, 0, 0, 8, 19, 79
"/mnt/common_disk/vsProjects/uOS_new/u_kernel/drivers/udisp2/u_display.c", "C", 0, 0, 0, 0, 0, 227, 0, 227
"/mnt/common_disk/vsProjects/uOS_new/u_kernel/drivers/udisp2/u_display.h", "C", 0, 0, 34, 0, 0, 4, 19, 57
"/mnt/common_disk/vsProjects/uOS_new/u_kernel/filesystem/fat/fat.h", "C++", 0, 0, 0, 3, 0, 0, 3, 6
"/mnt/common_disk/vsProjects/uOS_new/u_kernel/filesystem/ufs/ufs.c", "C", 0, 0, 230, 0, 0, 24, 50, 304
"/mnt/common_disk/vsProjects/uOS_new/u_kernel/filesystem/ufs/ufs.h", "C++", 0, 0, 0, 10, 0, 0, 4, 14
"/mnt/common_disk/vsProjects/uOS_new/u_kernel/filesystem/vfs/vfs.c", "C", 0, 0, 196, 0, 0, 10, 34, 240
"/mnt/common_disk/vsProjects/uOS_new/u_kernel/filesystem/vfs/vfs.h", "C++", 0, 0, 0, 32, 0, 1, 10, 43
"/mnt/common_disk/vsProjects/uOS_new/u_kernel/framework/SupervisorRequestHandler/u_SuperRH.c", "C", 0, 0, 128, 0, 0, 20, 26, 174
"/mnt/common_disk/vsProjects/uOS_new/u_kernel/framework/SupervisorRequestHandler/u_SuperRH.h", "C++", 0, 0, 0, 22, 0, 6, 10, 38
"/mnt/common_disk/vsProjects/uOS_new/u_kernel/framework/interrupt/u_interrupt.c", "C", 0, 0, 269, 0, 0, 54, 58, 381
"/mnt/common_disk/vsProjects/uOS_new/u_kernel/framework/interrupt/u_interrupt.h", "C++", 0, 0, 0, 15, 0, 0, 12, 27
"/mnt/common_disk/vsProjects/uOS_new/u_kernel/framework/threading/u_thread.c", "C", 0, 0, 347, 0, 0, 94, 92, 533
"/mnt/common_disk/vsProjects/uOS_new/u_kernel/framework/threading/u_thread.h", "C++", 0, 0, 0, 25, 0, 4, 14, 43
"/mnt/common_disk/vsProjects/uOS_new/u_kernel/memory/u_heap.c", "C", 0, 0, 247, 0, 0, 14, 42, 303
"/mnt/common_disk/vsProjects/uOS_new/u_kernel/memory/u_heap.h", "C++", 0, 0, 0, 36, 0, 5, 21, 62
"/mnt/common_disk/vsProjects/uOS_new/u_kernel/memory/u_memory.c", "C", 0, 0, 244, 0, 0, 11, 38, 293
"/mnt/common_disk/vsProjects/uOS_new/u_kernel/memory/u_memory.h", "C++", 0, 0, 0, 19, 0, 6, 9, 34
"/mnt/common_disk/vsProjects/uOS_new/u_kernel/memory/u_mempage.c", "C", 0, 0, 287, 0, 0, 36, 71, 394
"/mnt/common_disk/vsProjects/uOS_new/u_kernel/memory/u_mempage.h", "C", 0, 0, 48, 0, 0, 23, 23, 94
"/mnt/common_disk/vsProjects/uOS_new/u_kernel/memory/u_mmu.c", "C", 0, 0, 542, 0, 0, 130, 110, 782
"/mnt/common_disk/vsProjects/uOS_new/u_kernel/memory/u_mmu.h", "C++", 0, 0, 0, 82, 0, 8, 35, 125
"/mnt/common_disk/vsProjects/uOS_new/u_kernel/objects/udevice/udevice.c", "C", 0, 0, 1, 0, 0, 0, 3, 4
"/mnt/common_disk/vsProjects/uOS_new/u_kernel/objects/udevice/udevice.h", "C++", 0, 0, 0, 74, 0, 9, 25, 108
"/mnt/common_disk/vsProjects/uOS_new/u_kernel/objects/uobject.c", "C", 0, 0, 82, 0, 0, 5, 27, 114
"/mnt/common_disk/vsProjects/uOS_new/u_kernel/objects/uobject.h", "C++", 0, 0, 0, 36, 0, 5, 14, 55
"/mnt/common_disk/vsProjects/uOS_new/u_kernel/timer/u_timer.c", "C", 0, 0, 52, 0, 0, 7, 9, 68
"/mnt/common_disk/vsProjects/uOS_new/u_kernel/timer/u_timer.h", "C", 0, 0, 10, 0, 0, 1, 8, 19
"/mnt/common_disk/vsProjects/uOS_new/u_kernel/uFX/embeded_fonts/u_kernelBaseFont.c", "C", 0, 0, 2050, 0, 0, 812, 257, 3119
"/mnt/common_disk/vsProjects/uOS_new/u_kernel/uFX/embeded_fonts/u_kernelBaseFont.h", "C", 0, 0, 9, 0, 0, 0, 7, 16
"/mnt/common_disk/vsProjects/uOS_new/u_kernel/uFX/sRND/canvas/u_canvas.c", "C", 0, 0, 0, 0, 0, 450, 0, 450
"/mnt/common_disk/vsProjects/uOS_new/u_kernel/uFX/sRND/canvas/u_canvas.h", "C++", 0, 0, 0, 45, 0, 12, 21, 78
"/mnt/common_disk/vsProjects/uOS_new/u_kernel/uFX/u_uFX.c", "C", 0, 0, 2, 0, 0, 1, 2, 5
"/mnt/common_disk/vsProjects/uOS_new/u_kernel/uFX/u_uFX.h", "C++", 0, 0, 0, 5, 0, 5, 6, 16
"/mnt/common_disk/vsProjects/uOS_new/u_kernel/util/lock/u_mutex.h", "C++", 0, 0, 0, 118, 0, 27, 31, 176
"/mnt/common_disk/vsProjects/uOS_new/u_kernel/util/random/u_rand.c", "C", 0, 0, 32, 0, 0, 0, 9, 41
"/mnt/common_disk/vsProjects/uOS_new/u_kernel/util/random/u_rand.h", "C", 0, 0, 20, 0, 0, 0, 10, 30
"/mnt/common_disk/vsProjects/uOS_new/u_kernel/util/u_cstr_util.c", "C", 0, 0, 215, 0, 0, 2, 39, 256
"/mnt/common_disk/vsProjects/uOS_new/u_kernel/util/u_cstr_util.h", "C", 0, 0, 14, 0, 0, 3, 12, 29
"/mnt/common_disk/vsProjects/uOS_new/u_kernel/util/u_ctypes.h", "C", 0, 0, 39, 0, 0, 2, 5, 46
"/mnt/common_disk/vsProjects/uOS_new/u_kernel/util/util.c", "C", 0, 0, 29, 0, 0, 0, 7, 36
"/mnt/common_disk/vsProjects/uOS_new/u_kernel/util/util.h", "C++", 0, 0, 0, 5, 0, 0, 2, 7
"Total", "-", 80, 34, 6948, 563, 746, 2235, 1640, 12246